lon,lat,value
119.83512606016811,24.790157995060802,56.253472659098215
119.98416694602206,24.71833365552959,39.62714736507025
119.86448762564903,24.62283097404297,37.02067129774021
119.77679633215038,24.681329396297045,46.17215526096382
119.95433056765738,24.849966059696595,49.87064330797708
119.9472053648729,24.840217178925847,36.380466917884505
119.99545994048249,24.789049561745642,58.44331696903482
119.97131452143175,24.655608666371286,37.08021389403665
119.82046586061503,24.708541052264543,60.459539342978765
119.85310803126538,24.657136821151855,42.20682052464192
119.94934000499505,24.756995030290412,38.23726014590561
120.0249672993469,24.723428861585305,45.856641200776025
119.95152053750896,24.63425091323443,45.21511003050103
119.88704461308046,24.774951444235935,79.1776295699039
119.93190735019664,24.852419522880517,43.84159751871229
119.93812963904267,24.86799556922109,43.37606560248397
119.85906308441892,24.80309615354817,49.755339477665906
119.76966978688266,24.73292777044662,41.77537454703795
119.75095378579661,24.802591510532768,46.354214607268254
119.8731352365623,24.772925855371454,70.63036071664776
119.78558960577658,24.67554192000019,46.31795497441206
119.93190883677242,24.805612707713482,44.401131489527614
119.84280237693426,24.87464680353731,42.897908505817696
119.78251157489571,24.848279463333842,36.97171934879784
119.74141501760644,24.784691106394575,21.69131891057693
119.90253712248244,24.657621452177573,61.87365625678844
119.92297670254237,24.868472766253774,32.170163771315785
119.74432771681391,24.737630958869833,31.78950337375473
119.81005988933077,24.706728463471073,58.847970971076336
120.00951264758184,24.78430290935003,51.720768763698366
119.85786692440121,24.73244355455264,72.34163393375587
119.93500284778406,24.84072600678205,46.81704130974428
119.94543561516628,24.7746235843063,66.19173305589933
119.9290234788055,24.733896915785735,77.5955160935091
119.92034183340952,24.74070284838615,77.53921567080909
119.92455385949488,24.643104303441103,39.74150832537738
119.85103456595482,24.82324098279006,47.54688863659051
119.98340484021693,24.815274426561995,43.546023282054804
119.86490588615285,24.717004791476004,66.7199945749085
119.80264582718785,24.776738796584258,27.821373656001153
119.95861998987043,24.817898336535116,52.34009116502002
119.74826004352666,24.752421015468,50.13671414167939
119.96195972152411,24.765186027789664,33.23046944807209
119.97897911304938,24.690873730605695,35.2357823384155
119.87243740996242,24.876259623061586,45.20498549147673
119.81931225942611,24.657987415651373,66.19743906372592
119.85306070461755,24.809380878808675,61.921975365928006
119.85714478545958,24.74610114790206,78.2581390239575
119.7476536175817,24.712159168178015,37.51644392228567
119.88875003999563,24.766915742632523,100.0
120.01637973393885,24.724667251057713,32.78894018361611
119.89710777592249,24.651333771871176,40.33020553474659
120.01365685713847,24.699988561272605,33.11670680225248
119.98483165231968,24.674352109480523,31.378715028265557
119.7590854298684,24.670565449124602,38.05268648939531
119.95763115160084,24.710895249262606,71.55718256245427
119.99052168957331,24.811479802057193,44.87979168332219
119.91145473157128,24.829862996496676,50.52408337667256
119.97879937722018,24.775112447503744,47.10272298398607
119.82656086328774,24.844412133330415,29.6549898438975
119.77401641675365,24.83039949828474,48.101190071128144
119.86045323427736,24.882128948867592,36.30469215972307
119.94188508215105,24.644118600635398,39.818417888339404
119.8205279473297,24.81745131282191,84.32661066685829
119.86153556998566,24.835164786288882,55.238057836242284
119.75726795286104,24.717885120663038,34.84800111769416
119.92602794636245,24.800086253604825,57.08192911951333
119.89602351821173,24.70608043422706,83.20618372074107
119.9589778587244,24.785237446604974,56.261301157080354
119.9593891126178,24.74278253862387,44.12872325584251
119.89138985322828,24.675642976624747,67.21463875465903
119.90284845065096,24.810957899029187,54.99119495140449
119.91056112909168,24.74973147825743,100.0
119.88806885325356,24.732142293442294,98.2863030419538
119.84065302909508,24.61886867106453,32.54195554196336
119.86737487480025,24.660811910706464,64.80406898376933
119.89239461402768,24.665417384221946,54.4761813488016
119.98945823440472,24.798939244502403,52.377220905839
119.83647053491671,24.797984573773967,67.52427337374658
119.98809123816186,24.836743703235786,29.268513560358265
119.96596638752787,24.657590409776112,34.76330531236152
119.84843250100286,24.720391728851627,84.45430881173895
119.83347393747691,24.82534477604719,49.05532224776076
120.00830934013594,24.798220848682707,35.119649596280254
119.82622191907129,24.871058617514276,28.28234875107041
119.83398163180722,24.831352475156372,54.71221878471386
119.86528805983652,24.643390673938086,66.31912795917478
119.84077188766194,24.70659440598171,55.77616827963274
119.99229025642344,24.66086930835794,37.19330374696755
119.8098074735694,24.76010717033953,75.9187420994748
119.9854067382941,24.838685437529893,37.07613064742342
119.85276454818583,24.6423293365912,49.18752912048677
119.88797025349439,24.643254913497735,35.236163591254375
119.7816759902002,24.71228552390997,53.152277908436844
119.88949890267534,24.684177686422583,59.9895129145042
119.81784543950623,24.75098733973265,75.55196987222834
119.81117679859446,24.739698562232796,74.40161909710353
119.82259779061135,24.774521491535683,90.83053540160924
120.00947663011326,24.76781457102383,47.152822320111405
119.94852089072756,24.799107763246226,58.59577060921703
119.91512929465179,24.75516701853676,80.56691092370565
119.7845186211006,24.64781477311921,33.833547974088155
119.82525959324234,24.86601107695211,42.443760032535025
119.73743095268516,24.74173300930454,35.21298337421929
120.00386832070785,24.67452500410474,38.56645843891479
119.8804131530903,24.805334908998777,79.07757354786033
119.80115889687585,24.79434785951322,43.22158558185879
119.88464342963515,24.63071302733329,53.261739768749884
119.89657938921559,24.860937955161514,56.589914091349115
119.93166780856357,24.773514076966524,66.3697493615743
119.84701206728579,24.86749297274375,19.307111844663503
119.91734617051091,24.80329118196877,56.18797082470846
119.94359549825626,24.72133012115507,75.27711637741513
119.91896631477665,24.6559143997298,47.828174867272736
119.80372589674174,24.67110732099552,36.30708387164695
119.9582494108031,24.67410118145021,41.64254354910463
119.894987227805,24.710045615392506,82.30542037894188
119.9340752836522,24.865879689378716,44.658110249927994
119.9398328147897,24.705074205660218,57.33899398042929
119.82836383123924,24.736820478040812,66.10763441394538
119.92953207582514,24.6291175557706,35.03853609937044
119.99535460931047,24.668206600208325,28.398158025017157
119.82304798123586,24.863399529267333,55.66802840484816
119.98297159482765,24.82659663924069,37.444694903484624
119.89673573312425,24.857521695977663,56.6809673164947
119.7813639784644,24.79328324799845,62.81981365481192
119.89827513323928,24.712354511622202,84.44109400011591
119.94091756601411,24.68221837756525,48.46033515559737
119.9706316212029,24.752382353786164,58.3461937257666
119.8046897037642,24.74410081989331,59.827994548919385
119.77055285447166,24.805988449584913,33.68135465463713
119.89835525576994,24.84282946245759,52.694763863707536
119.9109542178445,24.775178918876865,63.43463161884985
119.8437172359186,24.80301645347608,74.42473726181058
119.99497732902245,24.70940019510149,39.107497543387844
119.86196502392488,24.78230602150537,77.8990960985164
119.7441993190578,24.734023626950304,42.580954476316045
119.84976391828782,24.657438391290253,46.88774158805262
119.81278252511484,24.819841177750916,55.862121299848035
119.99254873222905,24.73035083004645,41.56707454378743
120.01114647001539,24.719967816777906,49.041162614961245
119.8791581027356,24.82876444477699,41.986596717082655
119.75798207334336,24.75069701247894,45.156706675673234
119.84506645295586,24.8456303281965,66.5244221858938
119.86348747199737,24.817192873710965,49.642407346578324
120.01549856788787,24.777973792899942,32.38888378228945
119.77781683399652,24.671804984637035,46.082168424145245
119.75975645784935,24.7469131678282,46.217146724868606
120.00988338271206,24.788531356830863,43.26784870208641
119.85540105590322,24.873059458780173,44.296522921007394
119.98484101289081,24.686541959744957,49.44739427246553
119.88903443351516,24.872608506054917,51.153294267586524
119.95615081974437,24.838238812605127,47.47923255140275
119.7580411451719,24.756174638378653,41.423787831702484
119.99636333220954,24.739159246182197,52.268497181766826
119.88656123385022,24.866313305606866,60.99496094758021
119.85236825925433,24.70107835153307,65.82290363232478
119.89029583751473,24.62178584049774,29.374283966598036
119.8908884469628,24.87504933286973,50.37945561590642
119.87667577006796,24.725783340150297,83.07679741990499
119.78921537410928,24.839797348216976,18.576291510854652
119.84424251457715,24.71278722421863,78.31273476170132
119.8227430244593,24.690341766240678,50.698485200279265
119.75541769088449,24.722694052737825,41.31495830283849
119.93030944709719,24.777993723018856,70.2882417945769
119.948666804773,24.643281190192386,42.38284602925696
119.82190950302912,24.860476107226283,47.25792478071327
119.92118801459529,24.83781698866522,44.69328735792003
119.89160785315711,24.751513022743367,97.45084876498034
119.81325982081313,24.709479051558393,55.92700347856477
119.82890966584668,24.65306185085386,52.979693066117484
120.0263126435554,24.762745666480843,43.29097141412229
119.7625402535492,24.74058077277628,35.80974348895465
119.89126627882827,24.8171583540577,70.92683736489991
119.80782904432546,24.663345433899867,39.74231340254452
119.93002342293427,24.83740500768936,56.03894165890665
119.8326220572499,24.637124549801033,45.023253968570344
119.84338720314669,24.777743869070402,90.48451841701699
119.9994814989341,24.70295007881506,39.56135742949938
119.95102107081544,24.8246653689885,44.42343062840622
119.80129800217122,24.86068411818222,37.28734697768292
119.94576066281832,24.80064668666562,52.69559572178812
119.98518542750509,24.699596698528666,53.14059713031099
119.98290401770174,24.657531422233966,21.91936725000415
119.87776853050771,24.792145034707705,62.06563409175634
119.80315848224859,24.637888225193695,27.30215547354846
119.93058319008645,24.64614211603167,53.13466558944078
119.84379424013711,24.736755679758527,94.1761801432401
119.80014799955998,24.734981433993187,56.731233775974346
119.8865273179104,24.862774779745898,41.41685060970196
119.91224143157903,24.768205856468207,77.84270387143913
119.97054870023774,24.686471492970984,58.24529142329388
119.95086874794572,24.70204123996655,46.26360677164024
119.8017791108036,24.669432355913543,47.85985101327015
119.86329801996695,24.773356987353633,90.49699823608829
119.7992774445182,24.851590746553427,44.3260480132199
119.85810548656056,24.616445022992465,39.17796915346145
119.996714809588,24.66833176844192,47.37993811675173
119.97760740979649,24.6722538605473,15.038136601974788
119.89012459246031,24.700697887147086,76.4993293689288
119.79905898795452,24.656794042817857,35.32160311234439
119.90022725515088,24.759494784158342,67.18098830239475
119.89177197217734,24.765912106941595,91.2913516441857
119.94796994710997,24.702841251722184,70.35321202427195
119.79875856354523,24.689975141053555,48.33222850583859
120.01015319993446,24.75564278148249,51.10135934457646
119.97869226132153,24.8155134554977,59.875484113722
119.82890237300627,24.67123285225764,64.43478082114069
119.95771249759731,24.751022371161376,75.66807746383785
119.95889052123874,24.863506191097798,44.26218706468887
119.78778086901711,24.722070532362373,52.81161149147954
119.84454741855214,24.663631933658632,35.056446162468696
119.84546122280292,24.70397844346109,64.27011881323136
119.90143060190472,24.868128858579404,32.57069938674049
119.8510472538637,24.63895674188223,65.18913356246603
119.8857173745008,24.81230093726738,60.75003997899453
119.86070885035303,24.78341377242363,76.28164604726082
119.87743994259945,24.63688752420023,49.34169178697971
119.80935775182483,24.660126996619155,44.96550760812924
119.9254208775496,24.69119347327147,76.23975233452424
119.80078934092977,24.63815311207526,31.488127753914736
119.82770089576628,24.72682537994447,69.74243538643208
119.96128136360534,24.798285917171686,44.38867712007932
119.78299165215428,24.84611118296434,24.655083951583993
119.87097002266037,24.83625180627639,46.19853291169197
119.88461436590894,24.857088271661667,44.60396730165093
119.97235369253958,24.734329940156066,48.93682712198975
119.81931874920319,24.79297277862898,52.31090797944482
119.99473995639381,24.664331602684623,23.02186749068722
119.81565144303725,24.685074296906546,51.90914713206679
119.91912020392058,24.625545085123875,23.798675202475174
119.8089968528421,24.747688183682335,69.50762796390617
119.81948526001128,24.71967026816411,63.84977961296264
119.85398645506297,24.74989089407789,69.24867744401976
119.92053879617482,24.851857718536387,41.51582610976239
119.86462516753444,24.667644847263247,46.97330107829289
119.8536323946271,24.87253625616073,42.65861152627639
119.98101630852204,24.76296787451095,63.66742526968143
119.79099884265769,24.64305304219891,18.630749165135665
119.90839432882824,24.801175217807806,66.15391300769392
120.00885830363428,24.702562510557723,37.77522877432074
120.0054524721078,24.714641589198337,48.139987159223956
119.99221553068551,24.688047415613315,43.69240135143894
119.7866843858005,24.839571603069704,32.36726001877632
120.00896512411059,24.760240897412842,38.60557159999445
119.98584404485452,24.70203499685723,37.363408511681925
119.83176534966377,24.770196901404,80.36899951799728
119.90631220350193,24.743677547259754,83.71089509308526
120.01881589324593,24.719268417166983,57.31620112929801
119.95039338325708,24.663783555037117,44.99300951778646
119.84363379617439,24.865146294474876,33.879406976697624
119.80286492607377,24.810974553916175,34.82432416380345
119.9103013479575,24.71137306513702,52.96771420631365
119.85870851096455,24.792582232919397,54.35904998257081
119.93966543891541,24.847021063716376,46.36398599510423
119.7889407841997,24.717677071795173,56.98072900108596
119.94130540144698,24.72504574136015,48.09134883865488
119.84553280222441,24.659069026572645,58.552432426458466
119.84612506111965,24.734118110468682,72.7855268637246
119.97287693715948,24.808099791451856,48.100521596411376
119.82241639072758,24.702235498204864,75.65482911528323
120.01238695725766,24.741199904429912,49.908432517949585
119.9327936284212,24.807022198844496,54.60141132207104
119.7806928570981,24.73824825632732,42.01899456070645
119.89161524100105,24.738580945897425,68.26268494299863
119.87782288614846,24.712314353535117,69.2105979708417
119.84976060643234,24.66844480631331,51.33498225916168
119.84990366529789,24.658944216576778,40.14675822892997
119.80716083632959,24.82994549794785,44.77578247390272
119.85846389329261,24.819297093526625,59.03996771321177
119.92521053831643,24.643451129490654,41.197251729952086
119.93088554622852,24.63182298470398,33.05696141254838
119.96806097082991,24.65994446516269,43.03679659193948
119.90539070437593,24.734764995078567,86.3707257808178
119.77754789874069,24.74207015837663,39.09406408395539
119.83207731878714,24.74834735553275,86.43946304460943
119.90195050611483,24.685075201861395,60.155534862645744
119.79348215125015,24.639770469715444,37.223417094006614
119.86348978197077,24.69987234323427,75.64043666777997
119.90987711570422,24.65688839801293,51.67783206190637
119.97002575698787,24.680783368166416,55.08732270807424
119.81483184942597,24.845523686190194,46.123020084472394
119.8013632391766,24.82026243867839,41.20227232065974
119.89232083498908,24.75623201816807,94.20311090311368
119.80541082695828,24.712161729378508,45.03797492035027
119.98418592719707,24.770621956454786,49.784103944430505
119.83717986597627,24.757390343715176,74.01499935273644
119.79541487143345,24.727499500015767,53.23319374153136
119.8739849591967,24.772836155342752,82.0566548857185
119.84513775389455,24.72822238900078,56.73581099860928
119.97190543534829,24.765044457650895,47.77094718059094
119.93270962808255,24.76025694110502,70.39660435692166
119.92937712233133,24.657018986410634,48.67709662281745
119.80149284056192,24.83547088479454,33.3133421626382
119.97278952119838,24.835697641822087,53.527846066825205
119.81440519089625,24.740311656652413,55.26824570486237
119.88774601250087,24.69368685755195,76.1096312820449
119.8903627814044,24.791625273677823,76.64258240180726
119.79533707827855,24.673262810767262,38.57112524258509
119.98734395929728,24.807021806904437,60.90167051587788
119.905129719615,24.756458081546228,71.78090036694881
119.7393506498041,24.723074229328763,47.191671369765935
119.84740925196607,24.740955610640853,89.62046946089075
119.80920550305126,24.67290163016286,41.209427499013074
119.86143972143202,24.635822556443397,57.00698024777695
120.0170188264251,24.72963085983658,36.8265983487073
119.75541308494094,24.737045908146044,45.84109801097802
119.82134860348184,24.857691366168584,43.44793547612818
119.90435290825111,24.672893846938933,54.50005003290763
119.86265697597464,24.870171789217046,48.65637021544983
119.84119111648789,24.763131221596534,83.28342540021457
120.00378162333053,24.809492655338666,21.34582775259694
119.98854451430793,24.764688069611243,60.75503975555871
120.01059822657032,24.720247723002604,23.867911697553932
119.93146257927602,24.67052390367844,61.36619836272202
119.84050398091222,24.64614855044021,56.0997271085223
119.78962661897056,24.802049329053894,37.49683395998814
119.93896210418976,24.851579419904343,38.40614139404397
119.9036483132355,24.781017511345507,64.09103388966606
119.88008236994426,24.782092052059877,76.0690849258023
119.80988175027456,24.72823968763674,57.749189004263165
119.86706286960573,24.695916091080843,74.86679923754052
119.80605162545766,24.641738578143507,52.412998569953714
119.86714907553504,24.81116034745676,76.56948295305658
120.0208565841424,24.711269833249215,31.615631420540304
119.8735951879676,24.670255261756296,53.873701408112474
119.82047557468921,24.729377193087824,48.42810699333544
119.7794581101033,24.6709244921341,33.06235787111304
119.77475751512914,24.80204902860811,54.06284096929927
119.88163100438413,24.84450614839397,65.52570119255809
119.81183448902455,24.82826604685239,35.11915745045815
119.88633873484781,24.633861865055717,36.8999502069408
119.95076667762243,24.754621879050553,61.74005981506176
119.99056858862252,24.838994672562848,39.65711342501234
120.02055364832006,24.786942220659437,29.161493795114296
119.99589474891555,24.776456743446182,48.885616488940045
119.92091235976554,24.700992134492534,59.2350747793163
119.84500716798476,24.64159214521304,43.68951710189288
119.84079385595417,24.754654901765804,81.90027798892885
119.90135983301211,24.762463381328477,84.00333025152872
119.80492388718403,24.752391916095345,55.82850111598078
119.7806176463537,24.76407430496656,49.55729746169948
119.9442931514472,24.860738669970328,38.50033624913412
119.76438447029047,24.795472632107522,38.9243424733422
119.77739983018054,24.818368760704946,39.651968502543355
119.80788177979672,24.68989410480926,68.07119490109591
119.82246494563918,24.688885388790023,61.143880550024384
119.96688036730166,24.771971102670307,51.42760233388215
119.776125338134,24.844326670657512,43.98607477811656
119.85923988278284,24.729451696174717,78.51254909605558
119.74200656078922,24.7462770320804,51.14145660106556
119.95014837475621,24.667822128595667,50.43000403752734
119.82680543921086,24.67330744532737,50.49437997441743
119.94586597886543,24.847433563913455,47.149451333212866
119.97363724968649,24.78936566744123,34.068265413786804
119.79338286374897,24.649863281080556,28.007751442380012
120.01900422068505,24.770112641214425,26.77148855406719
119.79744163497548,24.703553062268533,53.66531797020727
119.9527638216344,24.722587324115615,76.41303499283748
119.7785440339037,24.70108949028915,68.63084137784162
119.77198376451318,24.832502929240842,44.85490997756288
119.8378221627478,24.699981691442872,68.20126415674002
119.7670343282846,24.77653020453536,27.406485327337
119.76703389471882,24.71828792033177,39.7445902229677
119.9986834229019,24.707003634551306,34.59862039141246
119.83952231277735,24.781049630585603,63.36946555631384
120.00195866443488,24.72105537346985,41.22859998284202
119.99731588881626,24.676302811956727,33.820695724202224
119.9011483527811,24.80296579240675,45.65656005869734
119.94569397433602,24.77667671997636,68.90220467675393
119.9980246555352,24.82788156739411,26.594325040996424
119.94284534443706,24.755358838093844,67.74239580290387
119.99383871669151,24.818882579026234,60.420563475363686
119.83760031860804,24.661894821809188,40.38404725549693
119.94665542276364,24.777940339695288,35.51883621298518
119.82199460471111,24.86364877366537,36.47164080868572
119.93572688983025,24.673854929168364,62.31818835895704
119.98546181605363,24.762947706847314,68.38016285432276
119.9151835563613,24.67403893600433,42.62075888091819
119.85742263732577,24.851140078142475,51.266770233268524
119.92434667268941,24.78585433566003,62.08588511317426
119.84966185035317,24.6686380649718,52.44711926815076
119.77942892941748,24.6520107994776,63.802767936911266
119.93426430331607,24.70079331995705,45.135962350472624
119.8688756942877,24.639314820084344,47.005727863090684
119.90803790497972,24.675734281434337,61.215091268000506
119.85404978155081,24.865663022854125,52.35801055636866
119.90377077753546,24.792828910438953,70.62445737527403
119.88070239572258,24.615173892588405,40.43208716431536
119.91507699839231,24.663148032566042,47.06849827459283
119.95209756906124,24.744836372676318,64.20866181515929
119.84582522149262,24.767958562303168,72.82188489599845
119.83772801363143,24.78902143904397,72.44702885683905
119.89780928993441,24.65230823633384,44.932732548208286
119.83361831584018,24.815043650140726,59.73174761795745
120.00263858577819,24.696712428971043,39.942476607850935
119.94146908848585,24.67959131150901,63.13098819895344
119.8133846574398,24.777957689240086,60.217262852425065
119.88077594418787,24.64219836281723,27.854935643993926
119.88369801879291,24.634766599900615,55.76003953765416
119.92848922684652,24.78222896442633,57.393527156389325
119.92984934833288,24.716845736794138,59.866312163023295
119.85174006298601,24.747908846325906,76.61552701843006
119.9389792371709,24.64553094782672,56.13942599861066
119.828632740261,24.848756837110372,22.91861213557095
119.96111346521519,24.6917280474545,81.58855890110942
119.77553521886615,24.828694485141973,50.46082239899561
120.01300905687037,24.757051071133176,42.98740333424135
119.97418029314899,24.6906346087578,45.98051898849761
119.99626953291715,24.817358061353453,42.23953247550656
119.85173870444228,24.804567564883524,68.73872657222375
119.9273523233097,24.734758747547012,78.01859868078715
119.9535185541671,24.727249645147527,65.04531322502429
119.84839455752049,24.73433539994621,79.64292065710606
119.8070277176338,24.67591804078362,46.274713663764835
119.74401141235626,24.79055300001655,36.47967242212914
119.87224541359257,24.774687957441202,80.0590254537751
119.85554198602499,24.790496477088308,81.84582206442488
119.83346025947404,24.668141539728392,56.98082932629014
119.88227716911508,24.61768664979742,8.642195126018098
119.90168630535402,24.675077994885662,63.549963338147094
119.90617215222115,24.655129346404348,51.003533299771874
119.90555763706254,24.76376321280385,81.36777475132145
119.82302614014422,24.750597358825004,64.14943652838208
120.01798388253307,24.796441804489024,48.27665339223023
119.74137562663635,24.707959028770023,46.91623755426625
119.8704053526127,24.752190496696805,85.48403606750834
119.99033143632846,24.662942743414845,41.766816142806604
119.80986552677537,24.836135933819616,35.24105921082593
119.982629102071,24.833566573003935,25.59527121185463
119.94245542964902,24.82033507775476,44.68188047818901
119.8878366497245,24.651613003231013,57.39416193599861
119.80372454372804,24.684616789854065,59.23073405025065
119.97765794761003,24.814510756995453,49.32324475346141
119.9280216297037,24.77432630064534,76.06933153090492
119.8723489087961,24.72638578206883,89.26470914029908
119.95401729389576,24.781995112208136,50.99732700918103
119.93448374010377,24.64630107044023,47.513913646451094
119.86204013758974,24.690107508998544,71.81276986703105
119.98633660819566,24.80322109978688,51.558371497896346
120.00599002297395,24.816656321082206,49.23898980792895
119.92544464001382,24.74528052056839,80.68987795123587
119.79448854944434,24.827794381034472,47.55222026435507
119.81218783719855,24.814390229256873,62.069963729749254
119.93328304559321,24.63208247695164,39.121506044901075
119.93918863450166,24.730186177571927,56.82737534502637
120.00314410195642,24.738848496034013,41.87662701523658
119.88302098264525,24.62460297608145,32.58316105795556
119.77736436766533,24.841254138004984,31.08408464373278
119.98628683400328,24.804933822472048,42.308767935900235
119.8978965050923,24.65450234820952,41.48141068526867
119.7712757296057,24.710508926967,42.4852805042286
119.75721356691781,24.806723900568898,20.43445768330271
119.97337012666502,24.69189115811286,49.115805599869375
119.8999423165734,24.763976055522395,84.0149563499921
119.73713146761565,24.754828914359685,29.932888726266054
120.00303152205845,24.756794983288746,50.18092865106756
119.76045761161608,24.770595119181756,53.308705858438856
119.94477738884942,24.77059104531816,46.775083991456576
119.96854361410293,24.8235460780424,36.78221537641032
119.94900049821464,24.806073761197588,45.69647028622788
119.80927870091585,24.66052096735679,35.220876381462624
119.87893429866182,24.704489984809342,80.44020455905182
119.77593118727697,24.6937311797883,42.4996761203617
120.0242991061941,24.716835831264497,34.15358277807745
119.8571199391437,24.769845187126304,60.247579190288135
119.84750252056695,24.879502876651863,43.5668384122442
119.94431863962075,24.68516654776191,40.447856162779985
119.9030026851212,24.873613990810753,39.93093453406192
120.00789065993115,24.721284636650463,44.064771749770934
119.99153910669267,24.756559451319035,60.70151655719498
120.0053641541594,24.72683519376419,29.25633701122685
120.01412590604045,24.782825424720958,8.973602647769729
119.95324640678295,24.694273786658734,54.7938858613899
119.7965693051749,24.73533166410604,74.45210663105355
120.00125106819281,24.743868106172062,56.562134986301515
119.99941650986254,24.803297000355037,42.80227582668793
119.75793957222797,24.709449256209442,36.84956108056746
120.01020924109378,24.725539956560684,49.00543166319603
119.78324211991075,24.735818093009026,41.950324777753195
119.78791563427943,24.6596546761549,45.24439911908984
119.86294011764709,24.704438675264097,75.75560920457049
119.77508890817431,24.77696999720218,58.414026717147514
119.872305302001,24.741370741914174,100.0
119.80719252915848,24.70971099549532,60.49229465149952
119.95318621132485,24.700981355259266,49.498114958398624
119.9697466707213,24.772817471681588,53.03420269510273
119.85621694831646,24.859761519720944,25.742410351011515
119.96817332354814,24.722843459338275,46.66770883117068
119.95682274004957,24.69096038429169,47.08591588628371
119.81061119005014,24.766949784943286,56.18216735092015
119.81410984630236,24.691981799871012,55.80740213864024
119.86802873729327,24.81248219463247,53.85693469065216
119.89535495426354,24.782728155804282,87.50647618328222
119.76786297255573,24.77259422628294,45.98869819886421
119.8067960848288,24.83708590352348,44.06293173262543
119.77912026706107,24.695192809564567,42.23838115837458
119.96934090644709,24.792101931458713,52.17289202317056
119.9703956297889,24.73537415539952,62.24658284332478
120.01748421230232,24.73785901336257,30.817324254396084
119.84593204877648,24.656168240456918,42.07102786400846
119.7800590272647,24.72765046200471,47.008637680353935
119.8714571782126,24.76898694508963,71.74447308433484
119.91395759862752,24.675802122199737,47.56458923705701
119.84366206033783,24.672056315331144,49.215444844296904
119.92903850631674,24.821844459966677,61.92195754322607
119.97591129112936,24.69390943265785,49.31326525683885
119.92784349307213,24.6597870949636,50.1036220487203
119.99011601112574,24.71595531597997,54.364128867553376
119.86041793246842,24.6315026862371,40.33016083161429
119.77890991664616,24.668795247243388,44.49429281749679
119.77063029205272,24.80525592907865,41.81962991045427
120.0124111554531,24.694370813362685,40.278342782355764
119.8934873669946,24.73510724306029,81.54155113971893
119.94315701731014,24.765591156737276,39.85671434943912
119.89286469343794,24.75071150984333,90.328145471597
119.79494331356432,24.825238367913435,58.951561003094
119.93235285662693,24.62940526050591,48.02745137381424
119.95311798308613,24.74342025396595,70.70627844347493
119.96380534464117,24.854634821377203,50.54253037610522
119.84990014041747,24.730197826949755,79.11835993519935
119.77503549038974,24.837996456136118,40.00819833570668
119.96655352126508,24.73365038973756,49.09138672245563
119.9059859565795,24.71260093162922,69.56562502388009
119.93463518489538,24.668400251609352,55.96319888723262
119.80640189719358,24.762200783952373,72.28500992641632
119.81201930106228,24.78569339558039,57.24660844754831
119.86808503706438,24.823153254587595,52.943383487994275
120.00484451154948,24.79093110061065,40.82041845174995
119.95204385996576,24.67393356599774,53.99734109038587
119.91201125426821,24.67891161973649,42.79960200715864
119.99605374963762,24.74857800185791,22.822047606524844
120.00567295120322,24.746340306666117,37.39641186580358
119.80731808906475,24.72459234527375,47.11819019785042
119.89149432953822,24.66214886809134,47.48579803187294
119.92885049967393,24.73265766428027,69.05291240071318
119.91714373869314,24.701980452805323,60.804206199742275
119.8821782678635,24.860706973774445,58.33508886239376
119.81996385427927,24.76643404911589,68.58196837856295
119.95415640118476,24.82007246155615,51.4526251017698
119.99990580257167,24.716243704334254,49.30476342628703
119.8420306802594,24.72132652666616,60.72578591973512
119.89508969306408,24.850023519482832,57.47679556791121
119.84463773766306,24.688202592854584,59.50123525469658
119.77283666204805,24.658788361933283,44.18759304336213
119.81529331104701,24.82213898163795,39.17018737023723
119.9808518067846,24.82847447786634,25.210108729371278
119.82807202399277,24.660112146055244,55.8057913721608
119.84947448209141,24.74516927420902,84.95582908470136
119.89663981301459,24.641883198276634,36.10564293647302
119.73657350326157,24.732047243114526,29.007555000056072
119.94905287325787,24.664497285550667,57.295416227010456
119.75292468573437,24.70942837944502,28.55640761002098
119.75072058674434,24.70110981243894,55.47691611969439
119.93076165827864,24.703433763802725,53.02224607101339
119.82399719061796,24.784368673451382,69.48178327254399
119.95737203003321,24.827869144646538,42.47871685192805
119.97371182778984,24.76440883039478,58.702355282921594
119.88452632560534,24.624510465649614,34.552910881144946
119.77771432963206,24.660485219719337,37.09665714984129
119.85503952362761,24.671453217886242,55.593445075439455
119.8967909186699,24.813009238235697,51.44366528827263
119.96597553576034,24.839345149171784,48.742707604151484
119.95759425828902,24.755255784999513,54.06959243712288
119.80063665723208,24.84803750776721,38.08813373969912
119.79856209922029,24.70148818818084,42.21141894266561
119.78565036057687,24.818204297383463,18.550510396166846
119.83777093410772,24.764817847984844,71.50134812225588
119.97671673777594,24.688072630105598,69.51754818087494
119.82240723959939,24.823114539493798,58.90768307209522
119.76693610145814,24.739645161972266,46.29875650835201
119.89290224620166,24.694399759461188,63.743061391950704
119.77874656736998,24.819242980899023,42.6080549104449
119.78091675714612,24.66131181985952,44.971222974069725
119.92495443987545,24.700707473612415,50.97064232379061
119.92375216265489,24.735676742579294,84.53356985826257
119.89388384031878,24.765411293380478,92.90258259866249
119.98659603447898,24.70038953200662,52.05946451974579
119.76467193154917,24.753999580904207,50.2637709701481
119.87445762512158,24.84893395467926,47.93667610196949
119.8110220202048,24.765357044973463,68.50747786270944
119.97217632319395,24.738153042298023,59.43225520269089
119.76586085016636,24.75361551355544,42.71356164404853
119.83047806303337,24.83291056795162,43.68388778149549
119.78151074770622,24.648533433330677,38.03256185651326
119.8835292639055,24.798778168960258,84.60664476864733
119.99005616390795,24.800659781459807,31.050502542210257
119.94520446376752,24.81122830588729,38.272706818932036
119.9474659042019,24.812724850626733,53.6245689732498
119.95279570481947,24.842535472063414,43.374010726486524
119.95953743509122,24.83521116449663,45.24567505563592
119.78660191548079,24.64422782584818,39.38901989119586
119.9022050562349,24.79298958262495,67.65281413862037
119.85306272168067,24.78486444640976,87.32061961572613
119.98078118169153,24.679032958042786,26.686276110063627
119.76880335417141,24.765569580283874,38.45747546475569
119.8416705770029,24.687054482850908,58.205654912671065
119.89974587024241,24.782531870928096,59.0094792283407
119.8955416299017,24.78588725610732,72.86797145012535
120.01584304178529,24.781345155990024,55.458697678006644
119.91182851676216,24.80064416666086,64.73972497410911
119.86506251760758,24.824666354480296,58.935515255904356
119.9114097455736,24.806676187534446,49.519454309571266
119.95516354690784,24.79151687463525,48.94767185962817
119.9085293896272,24.773337759562075,73.08502425182417
119.77646990413163,24.772608035252667,45.47578441493405
119.89059090170889,24.782720461222972,89.91973372065695
119.79281330109302,24.84016763453887,46.452936338906376
119.80842466956129,24.74735799329971,50.55140105806666
119.84025160338257,24.655988323452075,50.422545593044134
120.01510724025653,24.779881762760645,44.11830051809987
119.91670659875163,24.644554988050505,56.03123130087984
119.80495314374014,24.677473871230436,63.99439857657896
119.95373127621814,24.786730498257164,46.429711274255126
119.94013843000869,24.69292016947479,48.04593533856481
119.98684351250027,24.695826991772055,31.545772980781546
120.01731631361478,24.799408288490536,34.55586292582933
119.85984993997154,24.85755672731407,48.99241083914191
119.91846057599905,24.653703008018287,57.25907825156895
119.87875120583313,24.632816969853707,41.77812478103313
119.92060882821012,24.8335705899257,47.35897689692054
119.8893311618752,24.780954858203533,79.76930134713778
119.80373448177018,24.822712315181914,38.89162576139217
119.73562713063104,24.761654975592844,58.479704924663544
119.834388520278,24.710341458839917,49.71407347575223
119.79638307010457,24.831434102315402,45.42333239361524
119.81546246156326,24.76294857519042,84.11015912210314
119.87841218974624,24.64947817921941,48.16249093402662
119.92505185590758,24.758401929080776,71.37624604576875
119.87861340983561,24.839793476795094,47.54030931028945
119.850688306707,24.63391689940603,40.10898350980544
119.94932604092594,24.699830239344287,69.18605436127115
119.75947575948705,24.740657171905372,22.126673822302962
119.75049040527377,24.724518830065467,56.32278092590744
119.99182191855719,24.83022683347848,23.938811044519877
119.8121533675363,24.770085317878365,58.94023057893052
119.78834007414436,24.731320653061466,48.864869561070684
119.88287741926848,24.80166742190769,73.56380929012472
119.86230927585726,24.882924335288696,20.945480748173264
119.77768402119385,24.839786684315353,42.80361558214034
119.98830041225992,24.761303739928866,68.20238176474838
119.82056290592944,24.8606977347933,26.314975887935212
119.9058261067331,24.84382032429868,50.486004874306175
119.82531351421444,24.84343924025303,38.77943648078653
119.9124731790731,24.776444829809957,78.44914375552969
119.9797650014445,24.673919281166302,42.12590872526721
119.83602047607955,24.72187224191119,63.536477571639836
119.82203219576073,24.637503069491256,45.17614734635824
119.91210665123417,24.63241752133714,59.34282716800124
119.75523193286328,24.74988381023531,41.18137020841004
119.90424855102911,24.762164242407483,89.88035928914225
119.80065750157385,24.731509998143743,44.72932069944668
119.81508120390562,24.712654419521726,50.30860849704959
119.87758689523771,24.667390544739863,59.59898883291012
119.8402001027596,24.765485567432528,89.21654296249291
119.98003398528445,24.843109358280554,41.5416282060135
119.85688072505964,24.847453360371592,44.381845954122
119.826647055022,24.80560474988933,57.5298813312503
119.8232667016549,24.68092915655719,40.75165738859571
119.79056618039088,24.70973948568823,57.28093482602483
119.80903702906181,24.831389427584323,54.894620242925875
119.98630477542383,24.740522128523317,44.24649183144187
119.76814940289418,24.668543665562236,33.63295210150314
119.88852362051766,24.844089571856646,52.07179558932733
119.99872355797856,24.829408490424164,32.56556019828577
119.95860854575761,24.851338589210567,39.0820532845488
119.88185860853818,24.810690445578565,84.33871459887126
119.95631441847684,24.859556921299834,35.640499100469725
119.89978103794994,24.79141453264516,67.51358783676106
119.85079585384258,24.868446503626362,34.014011105012244
119.92252722481362,24.82294429351687,61.40086231029661
119.99092960284301,24.6719783478538,37.367794877279984
120.00118062421122,24.809817384868136,32.89479683316012
119.74851376755825,24.730084348493186,53.96226065455273
119.7686115719683,24.813119708108854,55.30941032029413
119.96153594037375,24.740492451973576,51.57676740625532
119.91231180543609,24.773742475167747,56.5764087291842
119.80469014561528,24.800317345797197,63.07890397181182
119.94081166111641,24.737992606886298,59.08461649499574
119.96223125377512,24.66417639344831,51.35287005172694
119.91584468597775,24.675941953608643,35.82587221672474
119.87286386332084,24.882592088344158,46.16809283820965
119.93678398147908,24.844229345215687,32.79389685499795
119.81430942222357,24.64146563444117,47.68475135486118
119.92892094644886,24.727564264822107,69.62911348154267
119.75104899974922,24.704792252826767,29.97728479590627
119.75179546209769,24.69209027803113,34.19586257221093
119.86074796327354,24.841765306982836,56.62619625178436
119.89425222643436,24.643932614792742,46.96273636256224
119.93013792690876,24.85824038642318,47.5497600726961
119.85243172055876,24.799518259455414,85.59160372190887
119.78628640636563,24.79219064729226,33.57518160562901
119.78656173445734,24.74467186801338,69.35691866331202
119.88284422373552,24.800607328516346,69.25290884068707
119.94767257321021,24.803089530536788,45.5515942430742
119.850384485155,24.726082620061927,63.71738611415332
119.87440862175637,24.769921707550886,83.26688013993714
119.83254149449958,24.724399823803733,78.45246960101522
119.96246591945258,24.858575076952697,36.20370093389989
119.7709189146443,24.76065474679543,62.76083274105111
119.7373673549379,24.721657572763178,22.915815802918164
119.97258851898438,24.77730477950661,51.68606917422668
119.83724564490151,24.813575950014915,44.68815304400907
119.95023619640665,24.82092434914162,52.73016564425931
119.97080793811381,24.78363847847206,60.40141162524698
119.92827285722564,24.745986167504842,68.04070675095771
119.82798165083794,24.846330816785457,18.867565872909232
119.90547488063706,24.69012281548387,64.81561389809124
119.87673306756898,24.855500563470613,49.88189163756319
119.83022134829437,24.64935517845563,48.691402742989546
119.88385320168504,24.695982505171017,80.0700333992274
119.8498253733288,24.72976840552022,67.34976415994969
119.75111843519262,24.770059572636736,48.131103549844184
119.79457171940707,24.7971530673459,62.68384118146525
119.85931123003702,24.775370142036653,60.78479397724069
120.0138592535904,24.690793084736267,40.079134306998476
119.89744157006895,24.720252420039795,73.59142602469473
120.00086155630935,24.72411385231725,42.62919489270853
119.98465342055776,24.843482082685497,40.56739179397093
119.87143582951798,24.68290093335093,56.44794136345943
119.93195148679426,24.729436322225286,61.823579813218174
119.90178527557346,24.791685401694483,70.92293246971893
119.95481979085274,24.779078662647535,46.7819054880221
119.87750800852085,24.705711241853248,61.9109748837988
119.76996541151554,24.697861597380438,50.313177497212166
119.9003385892692,24.720389587850757,66.42460132818084
119.94775820087501,24.823280820297978,55.64410449668112
119.92170361366516,24.61877560224743,41.474715563631484
119.92020036590831,24.865545501059234,23.309429609684248
119.94022353590012,24.839890736688872,38.86555873990548
119.92226136702426,24.813206777835468,69.4401381731198
119.92639485917196,24.650314755354586,35.578689546167084
119.82542082612483,24.66393561070532,43.74115687978336
119.78430172757255,24.735977914101145,56.681788482063055
119.84624919999214,24.786784396691587,77.49425480929405
119.98028358027757,24.659702531343292,36.485075593393276
119.80249972495581,24.805674357727902,45.16200132900207
119.90673649117268,24.69408372596237,78.55264911374067
119.7966588959073,24.77946542339939,71.91831627845431
119.81180126723842,24.809736566857445,62.33206207573825
119.74885684919516,24.777438719079466,41.11803976391332
119.83982176664215,24.85895514063904,34.38136863365153
119.8781832882309,24.629795717950014,33.2942972629472
119.86455652277787,24.7485224765479,95.25490800952555
119.89081310141103,24.835731566487723,56.644990537072005
119.96325677145637,24.693242336436327,63.98387013885859
119.86481435673926,24.761292094404077,93.56767490141405
119.80732281860938,24.730079348754646,45.035645903413325
119.98780925105262,24.683187972112435,52.33318249676056
119.8411035625294,24.713417740700493,59.07326259994499
119.96070669015742,24.81528596937217,44.27178918161787
119.94410844270472,24.725538028897994,65.38473614259158
119.86878546568386,24.73802725071666,100.0
119.84308130241611,24.806131848980865,92.2930870518981
119.97408319587264,24.851630200837995,43.30438209189349
119.91641652399014,24.631932304814587,39.01710711533146
119.77423175285583,24.657755242081038,42.891939111027014
119.77878548564418,24.72899179596125,58.611344531116785
119.91876453770678,24.720976818126225,68.59484341322869
119.9065137040351,24.651286284521575,65.65191942004076
119.93807094845056,24.82330579556133,53.2634597564444
119.82857934254555,24.86416176648252,44.87363314948786
119.8805791161833,24.791248944675043,79.77097110176096
119.87619548657804,24.654046110514802,53.936879384073734
119.9363415892465,24.759755587823282,76.27399318567696
119.80361507344797,24.71590297506462,50.391130720152766
119.89010138282435,24.632635800986446,36.788450025038
119.9533228357754,24.68332300724013,39.15904047059413
119.83039445201489,24.818400005659573,58.562068129426656
119.92048130357105,24.671962109258885,61.151249662431596
119.95737497623439,24.807658451297655,55.3497355966132
119.95501943302305,24.649977655539924,57.974612873238904
119.97767046819625,24.840771148243327,38.8313443588933
119.7642817260525,24.82851831760299,44.31577372567907
119.91867765027679,24.63370339816172,30.268828273967674
119.92915239672902,24.810378336846217,53.157962657479544
119.89613851793277,24.860342802555696,50.580419194036985
119.86311249594037,24.66038793319834,60.09787073286175
119.86612432101076,24.68151710118542,57.43207430074738
119.79416951863436,24.65234870782771,39.25602649670365
119.87010510308798,24.72380605601005,67.02031602944953
119.74428617916814,24.714598610425814,35.11883832430829
119.87899866699398,24.840913963311923,59.59992529494964
119.81313719088601,24.838061109144995,50.76369269207892
119.93033939782522,24.848901488454608,49.40330988370471
119.99792530369544,24.678943707104082,39.322705605333375
119.77763065123169,24.694610631032024,45.097273156001656
119.78571967813103,24.810781719649,39.07544015609666
119.84291840045395,24.757047503661553,84.23463077664198
119.98116157607575,24.717002279707337,52.884683881978326
119.91294728876615,24.791936266424397,72.79423521049021
119.77097091521374,24.688693211741835,37.1092270996867
119.77401948355697,24.74517458191372,27.3517065623719
119.786564429154,24.676664164744892,54.80557923782463
119.91023121325291,24.751910345153146,76.74649461323487
119.91013171111732,24.720333914455974,66.10955738733763
119.99446604226887,24.701267776818735,49.83219202258414
119.84359122906167,24.73427328295992,72.53354263521193
119.8671088430114,24.714569533668868,87.17129898796125
119.894567137407,24.74178099254388,95.75002260292018
119.84161714485086,24.62085338160602,44.44160595080341
119.95338048711534,24.84409594752559,28.70817837506932
119.80189004565851,24.711581801665584,67.31158352698732
119.81683279986994,24.70286331461893,60.622735590293296
119.80217774177763,24.78557544641115,51.664779878641575
119.86902856855805,24.62980221126089,42.90620173799296
119.99068753497535,24.7045496628196,26.579245093924087
119.93713376169323,24.722448651423594,69.11509342430452
119.8211567029016,24.76597352655923,55.59097397987187
119.91538845461896,24.776551460468184,59.54852121498454
120.00015923352613,24.738282708272347,29.147139822702208
119.94888628517954,24.648189710060826,52.84294015802063
119.93426624152988,24.798044990857665,53.46778706858583
119.89900967183017,24.739399055450406,100.0
119.90923327490094,24.72040160514327,69.71897962463787
119.73518861214708,24.733006372142803,20.315228426684776
119.81239250604189,24.708758924123597,46.9031694636963
119.7753400029174,24.81930092501197,53.95879612796091
119.99053333616939,24.784933147103608,43.80931613581311
119.83336247044232,24.820875064152027,48.41858530648266
119.90207636521272,24.69060379688617,65.13846550356452
119.9318106241863,24.75014134784324,75.5990858719464
119.82185331765926,24.84084263155876,56.82120148519938
119.77537921604639,24.82005143816359,55.957774691092055
119.7643483122662,24.72342371113968,41.22586653417701
119.97477487846844,24.70109647198466,35.0163524266682
119.86284428822394,24.771613542416787,77.3447467852634
119.79658775142161,24.85825314868913,39.979669380591275
119.86973508263233,24.62790300428197,31.275992189434692
119.80343936599931,24.77047505922737,48.63748337571035
119.90347540507463,24.88135041111971,40.597981541917086
119.77012905505194,24.77974995042832,45.54653982519525
119.95184548980842,24.828889803680852,46.9467739907867
119.93740036986614,24.853768315448562,34.52389731083044
119.7464621269201,24.750019451582308,38.313025704037756
119.77518353120142,24.802366011072206,35.233081194407774
119.92582060202139,24.724010656932187,78.8159568223465
119.82413713097556,24.80879498552408,66.25238797750251
119.75513436919222,24.685384220385092,19.698554949763913
119.83273472445772,24.70127763354393,52.95958245537238
119.97034844099356,24.755567182885216,39.366809535207636
119.82972161805161,24.672434014456968,45.32330825084783
119.92311008150213,24.829652088631963,50.702305372230896
119.99284337021552,24.72304614777141,31.211194389897067
119.96580822782379,24.854690020771635,28.64723737801481
119.81756950808463,24.78277959091166,51.18604759090503
119.92459675846132,24.772925687528293,72.642291201067
119.9460594521739,24.747582153832038,64.81583766373909
119.74041704491772,24.747004087520597,31.776448780220406
119.78168157894522,24.687271884349347,46.53858309661623
119.95253193942645,24.77843936397956,53.117553012309905
119.88010471161866,24.626228452501852,37.806556640934396
119.91446331451247,24.87069409767926,56.2649201790316
119.98959079851966,24.674174576269596,53.25403836598418
119.91969983851854,24.873674855798356,25.346867309195297
119.9072706447947,24.812220580292358,68.81492017131868
120.00568052920305,24.775598615867814,50.05390992068044
119.7809933231225,24.764840522293767,39.24848977856462
119.75513252918489,24.699443734168902,48.13524858319317
119.99613749611804,24.795222224445194,57.970769352658145
119.90101854617292,24.630765534693847,30.20465037285376
119.76508839396793,24.780556058254714,35.30908039869028
119.81837169395808,24.740043409576405,75.80099254553073
119.7780992185807,24.785186676796034,50.50946416352383
119.76061057367994,24.827365864919145,42.58687222643004
119.74645228728821,24.700692508355267,41.382946852869246
119.89742834945046,24.772102766309793,85.14529736674103
119.90512316257555,24.798877682177448,53.368033874716446
119.91492775306361,24.711183865295805,80.0356749547526
119.99938298783462,24.710376218930726,54.350095402199294
119.7862735218988,24.83642725654225,38.18800815879824
119.87122700962101,24.81091713828084,62.56287170541912
119.81493570925117,24.672902796337453,33.79275155451407
119.76585530001243,24.816246667387954,45.118240543534434
120.00553993845979,24.767210568451993,48.204759940528206
119.9408941950773,24.83178960089314,47.263104579918995
119.85594927606377,24.646909333331852,57.62172414135743
119.822850178646,24.667453387117085,45.67666576319628
119.95990323864088,24.7613032417198,63.60241075473392
119.89967754628492,24.849158554232435,36.96074695041418
119.89474729842331,24.860563999756558,43.369793213358605
119.81478841546335,24.63695581725257,37.53399169417077
119.99758674405928,24.762132997053797,47.29039823150235
119.98286264786147,24.82077814285939,38.09850503504135
119.89845243871409,24.69713909517301,65.71127729394098
119.92388994150849,24.831794221643232,58.95358012352951
119.87191457681338,24.73803300931781,86.424239627666
119.88560465199726,24.81595620532911,44.7897426084662
119.98270952828452,24.816398820886043,60.1379784029749
119.88647526204561,24.883740802143194,50.7537522986965
119.87203687984255,24.706691488416954,60.0616942408196
119.93808524787157,24.68107835681618,59.96297048572434
119.94423508090983,24.642516168895778,35.85280235655624
119.82662226772584,24.78565478510618,66.28918922630766
119.8257209149296,24.660790772349184,50.41376130767701
119.91559241873199,24.860298892839648,40.133414942411925
119.84895273648365,24.851346343830414,37.78127417966559
119.93130409423698,24.713104461603496,57.91055769263396
119.96829522107463,24.755365208069506,45.93141800065631
119.99298996766353,24.8102312400148,32.939983931971625
119.909026625499,24.84624182951801,46.8271039207738
119.89071911157858,24.750393843967267,85.86608332879355
119.93418990659976,24.856292415443807,48.61742769592396
119.85596636939258,24.7360607418442,97.74112844697747
119.76730869615552,24.80428076748767,36.36534899463994
119.93228871244435,24.710651256364923,66.15823748056276
119.93985563257361,24.627729115269386,42.572563908360515
119.83104838273341,24.81773458004429,59.24118835350133
119.87511777548531,24.826195239789264,57.211559684088755
119.83847903620935,24.784671714956882,75.41338444995071
119.81096470778466,24.708465730944823,62.35529843466278
119.86440450927931,24.87496279130347,26.831104385724753
119.77485529792355,24.653532245565426,45.547054697834945
119.8042882705007,24.793135919659157,63.37750724693401
119.78602586682257,24.719579535452922,43.54904990755513
119.76407513192918,24.793796529585578,43.131662008453496
119.84161987572402,24.871517846069096,45.84221485657526
119.98845965180492,24.71551971667866,44.20382958229004
119.8880650978135,24.66419343677842,64.21739069349582
119.94083823282918,24.815947508685927,76.24385850129238
119.96397837004496,24.66554735218134,35.569378881475835
119.87174698370913,24.749373115437873,80.67449278469722
119.97221966495769,24.68308262251968,48.55265210458393
119.90739887833678,24.671819612984727,62.30395190978463
119.76224150869126,24.80350588708277,38.70858539990646
119.92493372072116,24.754586814798877,88.2490966530643
119.86681442339433,24.85209070831508,33.056987252048344
119.78073780832302,24.724434765343247,56.910444251328364
119.80064874639174,24.66790391321,38.80908689074344
119.87826611956595,24.78327017873779,94.71149453710159
119.95251674100159,24.828101335110695,66.61858586626236
119.93669149004073,24.661248945338187,39.602091121086694
119.99070365685706,24.738827144544352,41.79910763793205
119.76637237058652,24.73182917832469,54.58134991296652
119.93779702298811,24.84710046976192,40.062911809189
119.86154031454338,24.86928438019484,40.31637205576571
119.95669610779349,24.756890311404156,59.7390807782443
119.99583847538659,24.68557568725707,21.123278800024085
119.95749084593658,24.81332239625301,49.229398423686106
119.84361919232308,24.731351074051343,68.86317733224125
119.87473219036718,24.78121681052461,73.57650977683478
119.79927997259396,24.722581218417385,70.53076053033178
119.80382487067592,24.650908999929705,28.66740175746949
119.94009213810439,24.648673924059374,51.24970273922723
119.91576719013689,24.864745924735303,38.35651521194083
119.98659650154862,24.7555013282314,45.91588824142597
119.94435996736986,24.816979578796765,59.40956128969266
119.92623579312549,24.71815249824784,71.51396370905859
119.93982214793785,24.69343157335247,62.09597485216942
119.80013370151661,24.69741758801941,61.42896379474545
119.84449233046476,24.724925824043012,70.94242313958792
119.84467644295496,24.693914951256353,56.397020817252866
119.93199942569292,24.842363928172567,35.29032561122961
119.98943768965722,24.689167850354387,34.159200418735146
119.75077945994977,24.814980244456283,66.30930933811298
119.77374308788563,24.83656831743163,50.50787709204454
119.76203992830487,24.735870979868466,31.350243738966622
119.97227580564713,24.77437241349822,39.030334543297116
119.93955696860287,24.842339404473815,49.85919783151547
119.87025911435495,24.628864522997976,46.68756586587014
119.92442618927133,24.771962912565158,76.3817114850086
119.80440625171215,24.69633416895677,50.16712845446938
119.88411084943431,24.873028848760697,38.7407961219613
119.80956909401422,24.802624065928015,57.09785373822207
119.8531268734512,24.848335036040712,47.80257399995364
119.81003868596083,24.830673540544236,24.263153320275787
119.8678215313587,24.691599415606063,62.784991922763
119.85408293470867,24.82685930060295,46.26511599386026
119.8016844474312,24.716971834295872,57.83331624501332
119.85639437612453,24.75205754212635,100.0
119.8682250375797,24.730695088104497,89.2703557345043
120.00493244318032,24.700941559849436,37.037735347743386
119.87166467646719,24.678302067413473,68.51796187265083
119.90347399311283,24.844048361967154,53.51296578305258
119.95968170597534,24.763200172125526,62.09485813378288
119.86905993503682,24.879946221524943,43.98112387154165
119.81766948299257,24.709910699623236,80.66233725334328
119.97236182601705,24.777000269342555,40.61028447796015
119.74156256924404,24.751659182096905,44.02631391891971
119.76842958554562,24.67761414093101,30.6850754670438
119.84781738394713,24.799278594871108,70.51537036275279
119.89755406392433,24.62827913299833,31.63698851955373
119.95887427667034,24.805771776250467,46.64557842895787
119.97197297426072,24.791638782664105,46.95856100774749
119.87273227622843,24.699668972111958,79.15360138921407
119.83803076384375,24.749856891088218,84.46843150219327
119.83235716172831,24.641586193032612,30.148038230167145
119.784236708512,24.786821749591468,49.97996710013239
119.8823547972221,24.83840433325921,44.54042139698382
119.93344878538225,24.64365137095378,29.9810289939744
119.91980063806753,24.63575115698798,39.51870196992247
119.8599965810125,24.69792116323039,64.0388806339158
119.86406264926822,24.85371192396589,70.05420545262186
119.83409048808475,24.72196268029197,73.54789248275962
119.79755156731471,24.838909518239266,28.252462841601467
119.98103273641038,24.808601538717287,38.81459750903941
120.00610969108125,24.682893397439088,47.817569007349434
119.90556901911155,24.775754655659284,97.78948217843484
119.91386063142585,24.738798919417594,62.892577232084
119.80581197982109,24.772747203982114,39.98990839519935
